"日期","收市","開市","高","低","成交量","升跌（%）"
"2025-8-1","24,233.10","23,318.37","24,570.15","23,151.65","","2.93%"
"2025-7-1","23,542.52","22,419.74","23,631.11","22,190.46","","5.78%"
"2025-6-1","22,256.02","21,253.97","22,587.67","20,940.98","","4.26%"
"2025-5-1","21,347.30","20,534.08","21,879.24","20,320.80","","5.50%"
"2025-4-1","20,235.03","20,884.53","21,390.52","17,306.97","","-2.23%"
"2025-3-1","20,695.90","22,734.05","22,979.97","20,695.90","","-10.23%"
"2025-2-1","23,053.18","22,796.71","23,732.58","22,502.20","","-2.01%"
"2025-1-1","23,525.41","22,975.71","23,943.95","22,458.22","","2.13%"
"2024-12-1","23,035.10","22,456.50","23,387.17","22,456.50","","3.47%"
"2024-11-1","22,262.50","22,438.93","23,699.70","22,055.38","73.07B","-2.44%"
"2024-10-1","22,820.43","22,329.65","23,713.70","22,193.50","61.15B","2.68%"
"2024-9-1","22,224.54","22,341.90","23,079.21","20,922.17","68.87B","-0.20%"
"2024-8-1","22,268.09","22,546.40","22,652.21","19,662.74","89.43B","0.31%"
"2024-7-1","22,199.35","23,042.70","24,416.67","21,833.85","106.61B","-3.62%"
"2024-6-1","23,032.25","21,388.71","23,406.10","21,264.63","88.86B","8.77%"
"2024-5-1","21,174.22","20,360.67","21,937.40","20,222.44","109.88B","3.81%"
"2024-4-1","20,396.60","20,319.73","20,883.69","19,291.88","91.03B","0.50%"
"2024-3-1","20,294.45","19,021.35","20,397.07","18,923.46","88.68B","7.00%"
"2024-2-1","18,966.77","17,871.27","19,023.01","17,832.95","43.97B","6.02%"
"2024-1-1","17,889.56","17,939.79","18,138.74","17,151.58","62.12B","-0.23%"
"2023-12-1","17,930.81","17,422.35","17,945.70","17,252.57","74.90B","2.85%"
"2023-11-1","17,433.85","16,027.72","17,441.79","15,978.26","65.83B","8.95%"
"2023-10-1","16,001.27","16,382.96","16,825.91","15,975.91","54.85B","-2.16%"
"2023-9-1","16,353.74","16,640.92","16,920.92","16,202.43","55.43B","-1.69%"
"2023-8-1","16,634.51","17,141.97","17,252.32","16,264.65","76.13B","-2.98%"
"2023-7-1","17,145.43","16,946.71","17,463.76","16,593.84","90.90B","1.36%"
"2023-6-1","16,915.54","16,511.00","17,346.32","16,477.43","82.32B","2.03%"
"2023-5-1","16,578.96","15,588.68","16,683.76","15,424.42","68.60B","6.42%"
"2023-4-1","15,579.18","15,838.07","15,973.82","15,284.46","51.40B","-1.82%"
"2023-3-1","15,868.06","15,435.38","15,951.80","15,186.74","67.37B","2.35%"
"2023-2-1","15,503.79","15,346.35","15,717.96","15,291.68","47.43B","1.56%"
"2023-1-1","15,265.20","14,108.16","15,493.82","14,001.97","28.39B","7.98%"
"2022-12-1","14,137.69","15,059.92","15,152.38","13,981.63","60.36B","-4.99%"
"2022-11-1","14,879.55","12,933.12","14,879.55","12,868.25","61.59B","14.90%"
"2022-10-1","12,949.75","13,359.26","13,902.02","12,629.48","50.23B","-3.54%"
"2022-9-1","13,424.58","14,981.00","14,981.00","13,274.72","58.43B","-11.07%"
"2022-8-1","15,095.44","14,982.27","15,475.89","14,545.69","66.04B","0.64%"
"2022-7-1","15,000.07","14,812.13","15,035.27","13,928.66","67.28B","1.18%"
"2022-6-1","14,825.73","16,718.91","16,811.04","14,825.73","67.00B","-11.79%"
"2022-5-1","16,807.77","16,593.21","16,807.77","15,616.68","68.92B","1.30%"
"2022-4-1","16,592.18","17,657.76","17,657.76","16,219.41","77.69B","-6.22%"
"2022-3-1","17,693.47","17,657.50","18,026.03","16,764.78","95.38B","0.23%"
"2022-2-1","17,652.18","17,750.70","18,338.05","17,554.97","64.37B","-0.13%"
"2022-1-1","17,674.40","18,260.23","18,619.61","17,633.03","69.55B","-2.99%"
"2021-12-1","18,218.84","17,428.61","18,291.25","17,374.59","95.21B","4.54%"
"2021-11-1","17,427.76","17,021.77","17,986.18","17,021.77","119.61B","2.59%"
"2021-10-1","16,987.41","16,883.00","17,104.86","16,162.17","80.14B","0.31%"
"2021-9-1","16,934.77","17,463.80","17,633.67","16,767.20","82.38B","-3.18%"
"2021-8-1","17,490.29","17,256.61","17,643.97","16,248.08","108.92B","1.41%"
"2021-7-1","17,247.41","17,801.19","18,034.19","16,893.70","154.29B","-2.86%"
"2021-6-1","17,755.46","17,098.49","17,797.27","16,775.85","157.42B","4.03%"
"2021-5-1","17,068.43","17,505.52","17,546.94","15,159.86","196.90B","-2.84%"
"2021-4-1","17,566.66","16,538.28","17,709.23","16,496.16","172.34B","6.91%"
"2021-3-1","16,431.13","16,127.87","16,556.19","15,636.43","123.86B","2.99%"
"2021-2-1","15,953.80","15,176.56","16,579.17","15,089.96","74.12B","5.39%"
"2021-1-1","15,138.31","14,720.25","16,238.46","14,720.25","114.98B","2.75%"
"2020-12-1","14,732.53","13,810.55","14,760.06","13,749.71","142.92B","7.36%"
"2020-11-1","13,722.89","12,565.32","13,969.39","12,480.66","88.07B","9.38%"
"2020-10-1","12,546.34","12,567.88","12,997.79","12,519.12","65.70B","0.25%"
"2020-9-1","12,515.61","12,617.39","13,021.68","12,149.81","87.77B","-0.60%"
"2020-8-1","12,591.45","12,642.73","12,981.58","12,144.76","84.13B","-0.58%"
"2020-7-1","12,664.80","11,622.64","13,031.70","11,622.64","82.04B","8.98%"
"2020-6-1","11,621.24","10,971.40","11,771.12","10,971.40","66.08B","6.21%"
"2020-5-1","10,942.16","10,781.51","11,087.53","10,658.50","58.81B","-0.45%"
"2020-4-1","10,992.14","9,726.20","11,012.78","9,651.52","59.54B","13.23%"
"2020-3-1","9,708.06","11,184.66","11,525.32","8,523.63","74.42B","-14.03%"
"2020-2-1","11,292.17","11,365.90","11,854.98","11,138.03","43.82B","-1.77%"
"2020-1-1","11,495.10","12,026.50","12,197.64","11,418.22","36.31B","-4.18%"
"2019-12-1","11,997.14","11,509.94","12,125.90","11,454.38","47.24B","4.42%"
"2019-11-1","11,489.57","11,373.70","11,668.20","11,335.51","46.17B","1.15%"
"2019-10-1","11,358.71","10,855.60","11,428.42","10,809.28","42.80B","4.89%"
"2019-9-1","10,829.68","10,613.19","10,971.54","10,557.03","43.18B","1.99%"
"2019-8-1","10,618.05","10,773.06","10,773.25","10,180.04","50.20B","-1.90%"
"2019-7-1","10,823.81","10,821.30","10,994.44","10,680.85","49.44B","0.87%"
"2019-6-1","10,730.83","10,482.45","10,840.29","10,371.08","35.25B","2.21%"
"2019-5-1","10,498.49","10,992.76","11,097.00","10,227.44","45.49B","-4.28%"
"2019-4-1","10,967.73","10,714.68","11,077.99","10,627.01","46.95B","3.07%"
"2019-3-1","10,641.04","10,385.25","10,667.94","10,204.21","41.82B","2.42%"
"2019-2-1","10,389.17","10,029.84","10,416.91","9,988.83","28.85B","4.60%"
"2019-1-1","9,932.26","9,725.27","10,020.60","9,319.28","34.16B","2.11%"
"2018-12-1","9,727.41","9,979.21","10,148.75","9,473.30","38.31B","-1.62%"
"2018-11-1","9,888.03","9,812.20","10,014.42","9,616.16","43.09B","0.88%"
"2018-10-1","9,802.13","11,014.19","11,064.34","9,400.69","46.24B","-10.94%"
"2018-9-1","11,006.34","11,087.86","11,097.11","10,667.25","38.89B","-0.52%"
"2018-8-1","11,063.94","11,062.36","11,186.05","10,606.26","47.68B","0.06%"
"2018-7-1","11,057.51","10,852.17","11,080.41","10,523.58","48.95B","2.04%"
"2018-6-1","10,836.91","10,882.68","11,261.68","10,633.01","57.35B","-0.35%"
"2018-5-1","10,874.96","10,665.52","11,034.12","10,500.97","55.95B","2.04%"
"2018-4-1","10,657.88","10,936.26","11,016.35","10,478.98","43.41B","-2.40%"
"2018-3-1","10,919.49","10,779.10","11,120.20","10,638.98","52.83B","0.96%"
"2018-2-1","10,815.47","11,139.40","11,212.10","10,189.04","35.35B","-2.60%"
"2018-1-1","11,103.79","10,664.82","11,270.18","10,650.77","64.90B","4.33%"
"2017-12-1","10,642.86","10,591.62","10,665.92","10,322.76","51.15B","0.78%"
"2017-11-1","10,560.44","10,816.04","10,882.65","10,560.44","61.17B","-2.16%"
"2017-10-1","10,793.80","10,425.10","10,842.25","10,414.53","43.47B","3.95%"
"2017-9-1","10,383.94","10,576.27","10,664.18","10,257.02","57.99B","-1.91%"
"2017-8-1","10,585.78","10,408.53","10,619.42","10,225.28","58.80B","1.52%"
"2017-7-1","10,427.33","10,368.99","10,537.42","10,283.95","44.43B","0.31%"
"2017-6-1","10,395.07","10,064.44","10,545.70","10,033.25","48.96B","3.53%"
"2017-5-1","10,040.72","9,926.44","10,121.88","9,895.65","38.76B","1.71%"
"2017-4-1","9,872.00","9,856.44","9,949.48","9,622.25","38.36B","0.62%"
"2017-3-1","9,811.52","9,751.12","9,976.61","9,562.75","53.50B","0.63%"
"2017-2-1","9,750.47","9,502.25","9,869.59","9,413.77","49.27B","3.20%"
"2017-1-1","9,447.95","9,252.56","9,468.34","9,235.95","27.57B","2.10%"
"2016-12-1","9,253.50","9,245.55","9,430.34","9,078.64","34.73B","0.14%"
"2016-11-1","9,240.71","9,272.30","9,296.86","8,879.69","40.36B","-0.53%"
"2016-10-1","9,290.12","9,219.52","9,399.97","9,074.99","29.19B","1.34%"
"2016-9-1","9,166.85","9,055.73","9,303.13","8,885.55","31.39B","1.08%"
"2016-8-1","9,068.85","9,008.74","9,200.42","8,928.33","41.42B","0.94%"
"2016-7-1","8,984.41","8,692.48","9,085.91","8,569.15","42.11B","3.67%"
"2016-6-1","8,666.58","8,516.08","8,754.82","8,374.26","33.61B","1.53%"
"2016-5-1","8,535.59","8,362.35","8,563.40","7,999.98","33.22B","1.88%"
"2016-4-1","8,377.90","8,700.38","8,743.35","8,352.23","29.93B","-4.20%"
"2016-3-1","8,744.83","8,381.38","8,840.75","8,378.06","48.45B","3.97%"
"2016-2-1","8,411.16","8,164.24","8,432.74","7,953.99","24.29B","3.27%"
"2016-1-1","8,145.21","8,315.79","8,326.33","7,627.89","37.35B","-2.31%"
"2015-12-1","8,338.06","8,359.27","8,535.36","7,980.59","41.10B","0.21%"
"2015-11-1","8,320.61","8,571.53","8,871.87","8,217.34","39.05B","-2.73%"
"2015-10-1","8,554.31","8,194.30","8,757.14","8,170.78","40.97B","4.56%"
"2015-9-1","8,181.24","8,117.50","8,488.53","7,907.31","40.06B","0.08%"
"2015-8-1","8,174.92","8,636.53","8,636.53","7,203.07","47.64B","-5.66%"
"2015-7-1","8,665.34","9,311.76","9,404.76","8,516.23","42.91B","-7.05%"
"2015-6-1","9,323.02","9,688.13","9,692.34","9,170.09","43.18B","-3.90%"
"2015-5-1","9,701.07","9,853.51","9,871.65","9,536.16","44.29B","-1.21%"
"2015-4-1","9,820.05","9,575.11","10,014.28","9,503.53","47.65B","2.44%"
"2015-3-1","9,586.44","9,665.11","9,775.63","9,472.54","45.86B","-0.37%"
"2015-2-1","9,622.10","9,368.83","9,699.54","9,352.19","23.28B","2.78%"
"2015-1-1","9,361.91","9,292.31","9,523.73","9,043.44","44.44B","0.59%"
"2014-12-1","9,307.26","9,038.41","9,338.06","8,826.03","47.67B","1.31%"
"2014-11-1","9,187.15","9,009.38","9,217.73","8,828.15","34.40B","2.37%"
"2014-10-1","8,974.76","8,958.87","9,122.54","8,501.29","40.96B","0.09%"
"2014-9-1","8,966.92","9,474.41","9,532.66","8,860.17","37.87B","-4.97%"
"2014-8-1","9,436.27","9,223.75","9,502.42","9,014.89","46.39B","1.29%"
"2014-7-1","9,315.85","9,393.07","9,593.68","9,313.87","62.64B","-0.82%"
"2014-6-1","9,393.07","9,106.61","9,393.07","9,070.45","49.52B","3.49%"
"2014-5-1","9,075.91","8,846.86","9,139.57","8,803.43","45.54B","3.24%"
"2014-4-1","8,791.44","8,847.34","9,022.28","8,671.65","48.58B","-0.65%"
"2014-3-1","8,849.28","8,627.15","8,849.28","8,508.01","49.64B","2.43%"
"2014-2-1","8,639.58","8,290.17","8,647.90","8,230.46","39.83B","2.09%"
"2014-1-1","8,462.57","8,618.60","8,668.95","8,442.19","46.51B","-1.73%"
"2013-12-1","8,611.51","8,429.24","8,647.24","8,313.87","42.24B","2.43%"